"1","HFC","TRIPLEPLAY","PRIORIDAD 1","<br />
 AVISO: {{ Datos.AVISO|e }}... 
 SÍNTOMA: {{ ubicacion.NOMBRE|e|title }} {{ Datos.AVERIA|e }} {{ Datos.INTERMITENCIA == 'SI' ? 'y/o Intermitencia' }} . 
 SERV.AFECTADOS: {{Datos.AFECTACION|e}} 
________________________________________________________________________________________________________________ 
GUIÓN:
{% if Datos.RAZON == '1' %}
“Nuestro equipo técnico se encuentra trabajando para atender una falla ocasionada por el hurto de un dispositivo en nuestra red. Tiempo estimado de solución 5 Horas, durante este lapso su servicio puede presentar intermitencia o ausencia del mismo.”
{% endif %} 
{% if Datos.RAZON == '2' %}
“Nuestro equipo técnico se encuentra trabajando para atender una falla ocasionada por una ruptura de fibra en nuestra red. Tiempo estimado de solución 5 Horas, durante este lapso su servicio puede presentar intermitencia o ausencia del mismo.”
{% endif %} 
{% if Datos.RAZON == '3' %}
“Nuestro equipo técnico se encuentra trabajando para atender una falla ocasionada por fallas en fluido eléctrico. Tiempo estimado de solución 5 Horas, durante este lapso su servicio puede presentar intermitencia o ausencia del mismo.”
{% endif %} 
{% if Datos.RAZON == '4' %}
“Nuestro equipo técnico se encuentra trabajando para atender una falla en nuestra plataforma de {{Datos.AFECTACION|e}} . Tiempo estimado de solución 5 Horas, durante este lapso su servicio puede presentar intermitencia o ausencia del mismo.”
{% endif %} 
{% if Datos.RAZON == '5' %}
“Nuestro equipo técnico se encuentra trabajando para atender una falla ajena a claro. Tiempo estimado de solución 5 Horas, durante este lapso su servicio puede presentar intermitencia o ausencia del mismo.”
{% endif %} 
{% if Datos.RAZON == '6' %}
“Nuestro equipo técnico se encuentra trabajando para atender una falla en la red. Tiempo estimado de solución 5 Horas, durante este lapso su servicio puede presentar intermitencia o ausencia del mismo.”
{% endif %} 
________________________________________________________________________________________________________________ 
PROCESO DE SOPORTE: Reportar la cuenta a través de la Página de Gerencia, 
NO REQUIERE VALIDAR VECINOS. 
________________________________________________________________________________________________________________ 
ESCENARIOS DE MARCACIÓN: --1.Primera vez que el cliente se comunica por este aviso, use la marcación DIS-FMS 
--2.Cliente se ha comunicado en más de una ocasión por este aviso, use la marcación  DIS-AVF.
<br /><br />","1"
"2","HFC","TRIPLEPLAY","PRIORIDAD 2","<br />
 AVISO: {{ Datos.AVISO|e }}... 
 SÍNTOMA: {{ ubicacion.NOMBRE|e|title }} {{ Datos.AVERIA|e }} {{ Datos.INTERMITENCIA == 'SI' ? 'y/o Intermitencia' }} . 
 SERV.AFECTADOS: {{Datos.AFECTACION|e}} 
________________________________________________________________________________________________________________ 
GUIÓN: 
{% if Datos.RAZON == '1' %}
“Nuestro equipo técnico se encuentra trabajando para atender una falla ocasionada por el hurto de un dispositivo en nuestra red. Tiempo estimado de solución 8 Horas, durante este lapso su servicio puede presentar intermitencia o ausencia del mismo.”
{% endif %} 
{% if Datos.RAZON == '2' %}
“Nuestro equipo técnico se encuentra trabajando para atender una falla ocasionada por una ruptura de fibra en nuestra red. Tiempo estimado de solución 8 Horas, durante este lapso su servicio puede presentar intermitencia o ausencia del mismo.”
{% endif %} 
{% if Datos.RAZON == '3' %}
“Nuestro equipo técnico se encuentra trabajando para atender una falla ocasionada por fallas en fluido eléctrico. Tiempo estimado de solución 8 Horas, durante este lapso su servicio puede presentar intermitencia o ausencia del mismo.”
{% endif %} 
{% if Datos.RAZON == '4' %}
“Nuestro equipo técnico se encuentra trabajando para atender una falla en nuestra plataforma de {{Datos.AFECTACION|e}} . Tiempo estimado de solución 8 Horas, durante este lapso su servicio puede presentar intermitencia o ausencia del mismo.”
{% endif %} 
{% if Datos.RAZON == '5' %}
“Nuestro equipo técnico se encuentra trabajando para atender una falla ajena a claro. Tiempo estimado de solución 8 Horas, durante este lapso su servicio puede presentar intermitencia o ausencia del mismo.”
{% endif %} 
{% if Datos.RAZON == '6' %}
“Nuestro equipo técnico se encuentra trabajando para atender una falla en la red. Tiempo estimado de solución 8 Horas, durante este lapso su servicio puede presentar intermitencia o ausencia del mismo.”
{% endif %} 
________________________________________________________________________________________________________________ 
PROCESO DE SOPORTE: Reportar la cuenta a través de la Página de Gerencia, 
NO REQUIERE VALIDAR VECINOS. 
________________________________________________________________________________________________________________ 
ESCENARIOS DE MARCACIÓN: --1.Primera vez que el cliente se comunica por este aviso, use la marcación DIS-FMS 
--2.Cliente se ha comunicado en más de una ocasión por este aviso, use la marcación  DIS-AVF.
<br /><br />","1"
"3","HFC","TRIPLEPLAY","PRIORIDAD 3","<br />
 AVISO: {{ Datos.AVISO|e }}... 
 SÍNTOMA: {{ ubicacion.NOMBRE|e|title }} {{ Datos.AVERIA|e }} {{ Datos.INTERMITENCIA == 'SI' ? 'y/o Intermitencia' }} . 
 SERV.AFECTADOS: {{Datos.AFECTACION|e}} 
________________________________________________________________________________________________________________ 
GUIÓN: 
{% if Datos.RAZON == '1' %}
“Nuestro equipo técnico se encuentra trabajando para atender una falla ocasionada por el hurto de un dispositivo en nuestra red. Tiempo estimado de solución 12 Horas, durante este lapso su servicio puede presentar intermitencia o ausencia del mismo.”
{% endif %} 
{% if Datos.RAZON == '2' %}
“Nuestro equipo técnico se encuentra trabajando para atender una falla ocasionada por una ruptura de fibra en nuestra red. Tiempo estimado de solución 12 Horas, durante este lapso su servicio puede presentar intermitencia o ausencia del mismo.”
{% endif %} 
{% if Datos.RAZON == '3' %}
“Nuestro equipo técnico se encuentra trabajando para atender una falla ocasionada por fallas en fluido eléctrico. Tiempo estimado de solución 12 Horas, durante este lapso su servicio puede presentar intermitencia o ausencia del mismo.”
{% endif %} 
{% if Datos.RAZON == '4' %}
“Nuestro equipo técnico se encuentra trabajando para atender una falla en nuestra plataforma de {{Datos.AFECTACION|e}} . Tiempo estimado de solución 12 Horas, durante este lapso su servicio puede presentar intermitencia o ausencia del mismo.”
{% endif %} 
{% if Datos.RAZON == '5' %}
“Nuestro equipo técnico se encuentra trabajando para atender una falla ajena a claro. Tiempo estimado de solución 12 Horas, durante este lapso su servicio puede presentar intermitencia o ausencia del mismo.”
{% endif %} 
{% if Datos.RAZON == '6' %}
“Nuestro equipo técnico se encuentra trabajando para atender una falla en la red. Tiempo estimado de solución 12 Horas, durante este lapso su servicio puede presentar intermitencia o ausencia del mismo.”
{% endif %} 
________________________________________________________________________________________________________________ 
PROCESO DE SOPORTE: Validar 1 vecino, para clientes con @ y/o TF validar los modem por Diagnosticador y garantizar que el {{ ubicacion.NOMBRE|e|title }} 
corresponda al reportado… Para clientes con solo Televisión validar el vecino telefónicamente, 
si ambos presentan la misma falla reportar las cuentas. 
________________________________________________________________________________________________________________ 
ESCENARIOS DE MARCACIÓN: --1.Primera vez que el cliente se comunica por este aviso, use la marcación DIS-FMS 
--2.Cliente se ha comunicado en más de una ocasión por este aviso, use la marcación  DIS-AVF.
<br /><br />","1"
"4","HFC","TRIPLEPLAY","PRIORIDAD 4","<br />
 AVISO: {{ Datos.AVISO|e }}... 
 SÍNTOMA: {{ ubicacion.NOMBRE|e|title }} {{ Datos.AVERIA|e }} {{ Datos.INTERMITENCIA == 'SI' ? 'y/o Intermitencia' }} . 
 SERV.AFECTADOS: {{Datos.AFECTACION|e}} 
________________________________________________________________________________________________________________ 
GUIÓN: 
{% if Datos.RAZON == '1' %}
“Nuestro equipo técnico se encuentra trabajando para atender una falla ocasionada por el hurto de un dispositivo en nuestra red. Tiempo estimado de solución 17 Horas, durante este lapso su servicio puede presentar intermitencia o ausencia del mismo.”
{% endif %} 
{% if Datos.RAZON == '2' %}
“Nuestro equipo técnico se encuentra trabajando para atender una falla ocasionada por una ruptura de fibra en nuestra red. Tiempo estimado de solución 17 Horas, durante este lapso su servicio puede presentar intermitencia o ausencia del mismo.”
{% endif %} 
{% if Datos.RAZON == '3' %}
“Nuestro equipo técnico se encuentra trabajando para atender una falla ocasionada por fallas en fluido eléctrico. Tiempo estimado de solución 17 Horas, durante este lapso su servicio puede presentar intermitencia o ausencia del mismo.”
{% endif %} 
{% if Datos.RAZON == '4' %}
“Nuestro equipo técnico se encuentra trabajando para atender una falla en nuestra plataforma de {{Datos.AFECTACION|e}} . Tiempo estimado de solución 17 Horas, durante este lapso su servicio puede presentar intermitencia o ausencia del mismo.”
{% endif %} 
{% if Datos.RAZON == '5' %}
“Nuestro equipo técnico se encuentra trabajando para atender una falla ajena a claro. Tiempo estimado de solución 17 Horas, durante este lapso su servicio puede presentar intermitencia o ausencia del mismo.”
{% endif %} 
{% if Datos.RAZON == '6' %}
“Nuestro equipo técnico se encuentra trabajando para atender una falla en la red. Tiempo estimado de solución 17 Horas, durante este lapso su servicio puede presentar intermitencia o ausencia del mismo.”
{% endif %} 
________________________________________________________________________________________________________________ 
PROCESO DE SOPORTE: Validar 1 vecino, para clientes con @ y/o TF validar los modem por Diagnosticador y garantizar que el {{ ubicacion.NOMBRE|e|title }} 
corresponda al reportado… Para clientes con solo Televisión validar el vecino telefónicamente, 
si ambos presentan la misma falla reportar las cuentas. 
________________________________________________________________________________________________________________ 
ESCENARIOS DE MARCACIÓN: --1.Primera vez que el cliente se comunica por este aviso, use la marcación DIS-FMS 
--2.Cliente se ha comunicado en más de una ocasión por este aviso, use la marcación  DIS-AVF.
<br /><br />","1"
"5","HFC","TVBIDIRECCIONAL","PRIORIDAD 1","<br />
 AVISO: {{ Datos.AVISO|e }}... 
 SÍNTOMA: {{ Datos.AVERIA|e }} {{ Datos.INTERMITENCIA == 'SI' ? 'y/o Intermitencia' }} en {{ ubicacion.NOMBRE|e|title }} . 
 SERV.AFECTADOS: {{Datos.AFECTACION|e}} 
________________________________________________________________________________________________________________ 
GUIÓN: 
{% if Datos.RAZON == '1' %}
“Nuestro equipo técnico se encuentra trabajando para atender una falla ocasionada por el hurto de un dispositivo en nuestra red. Tiempo estimado de solución 5 Horas, durante este lapso su servicio puede presentar intermitencia o ausencia del mismo.”
{% endif %} 
{% if Datos.RAZON == '2' %}
“Nuestro equipo técnico se encuentra trabajando para atender una falla ocasionada por una ruptura de fibra en nuestra red. Tiempo estimado de solución 5 Horas, durante este lapso su servicio puede presentar intermitencia o ausencia del mismo.”
{% endif %} 
{% if Datos.RAZON == '3' %}
“Nuestro equipo técnico se encuentra trabajando para atender una falla ocasionada por fallas en fluido eléctrico. Tiempo estimado de solución 5 Horas, durante este lapso su servicio puede presentar intermitencia o ausencia del mismo.”
{% endif %} 
{% if Datos.RAZON == '4' %}
“Nuestro equipo técnico se encuentra trabajando para atender una falla en nuestra plataforma de {{Datos.AFECTACION|e}} . Tiempo estimado de solución 5 Horas, durante este lapso su servicio puede presentar intermitencia o ausencia del mismo.”
{% endif %} 
{% if Datos.RAZON == '5' %}
“Nuestro equipo técnico se encuentra trabajando para atender una falla ajena a claro. Tiempo estimado de solución 5 Horas, durante este lapso su servicio puede presentar intermitencia o ausencia del mismo.”
{% endif %} 
{% if Datos.RAZON == '6' %}
“Nuestro equipo técnico se encuentra trabajando para atender una falla en la red. Tiempo estimado de solución 5 Horas, durante este lapso su servicio puede presentar intermitencia o ausencia del mismo.”
{% endif %} 
________________________________________________________________________________________________________________ 
PROCESO DE SOPORTE: Reportar la cuenta a través de la Página de Gerencia, 
NO REQUIERE VALIDAR VECINOS. 
________________________________________________________________________________________________________________ 
ESCENARIOS DE MARCACIÓN: --1.Primera vez que el cliente se comunica por este aviso, use la marcación DIS-FMS 
--2.Cliente se ha comunicado en más de una ocasión por este aviso, use la marcación  DIS-AVF.
<br /><br />","1"
"6","HFC","TVBIDIRECCIONAL","PRIORIDAD 2","<br />
 AVISO: {{ Datos.AVISO|e }}... 
 SÍNTOMA: {{ Datos.AVERIA|e }} {{ Datos.INTERMITENCIA == 'SI' ? 'y/o Intermitencia' }} en {{ ubicacion.NOMBRE|e|title }} . 
 SERV.AFECTADOS: {{Datos.AFECTACION|e}} 
________________________________________________________________________________________________________________ 
GUIÓN: 
{% if Datos.RAZON == '1' %}
“Nuestro equipo técnico se encuentra trabajando para atender una falla ocasionada por el hurto de un dispositivo en nuestra red. Tiempo estimado de solución 8 Horas, durante este lapso su servicio puede presentar intermitencia o ausencia del mismo.”
{% endif %} 
{% if Datos.RAZON == '2' %}
“Nuestro equipo técnico se encuentra trabajando para atender una falla ocasionada por una ruptura de fibra en nuestra red. Tiempo estimado de solución 8 Horas, durante este lapso su servicio puede presentar intermitencia o ausencia del mismo.”
{% endif %} 
{% if Datos.RAZON == '3' %}
“Nuestro equipo técnico se encuentra trabajando para atender una falla ocasionada por fallas en fluido eléctrico. Tiempo estimado de solución 8 Horas, durante este lapso su servicio puede presentar intermitencia o ausencia del mismo.”
{% endif %} 
{% if Datos.RAZON == '4' %}
“Nuestro equipo técnico se encuentra trabajando para atender una falla en nuestra plataforma de {{Datos.AFECTACION|e}} . Tiempo estimado de solución 8 Horas, durante este lapso su servicio puede presentar intermitencia o ausencia del mismo.”
{% endif %} 
{% if Datos.RAZON == '5' %}
“Nuestro equipo técnico se encuentra trabajando para atender una falla ajena a claro. Tiempo estimado de solución 8 Horas, durante este lapso su servicio puede presentar intermitencia o ausencia del mismo.”
{% endif %} 
{% if Datos.RAZON == '6' %}
“Nuestro equipo técnico se encuentra trabajando para atender una falla en la red. Tiempo estimado de solución 8 Horas, durante este lapso su servicio puede presentar intermitencia o ausencia del mismo.”
{% endif %} 
________________________________________________________________________________________________________________ 
PROCESO DE SOPORTE: Reportar la cuenta a través de la Página de Gerencia, 
NO REQUIERE VALIDAR VECINOS. 
________________________________________________________________________________________________________________ 
ESCENARIOS DE MARCACIÓN: --1.Primera vez que el cliente se comunica por este aviso, use la marcación DIS-FMS 
--2.Cliente se ha comunicado en más de una ocasión por este aviso, use la marcación  DIS-AVF.
<br /><br />","1"
"7","HFC","TVBIDIRECCIONAL","PRIORIDAD 3","<br />
 AVISO: {{ Datos.AVISO|e }}... 
 SÍNTOMA: {{ Datos.AVERIA|e }} {{ Datos.INTERMITENCIA == 'SI' ? 'y/o Intermitencia' }} en {{ ubicacion.NOMBRE|e|title }} . 
 SERV.AFECTADOS: {{Datos.AFECTACION|e}} 
________________________________________________________________________________________________________________ 
GUIÓN: 
{% if Datos.RAZON == '1' %}
“Nuestro equipo técnico se encuentra trabajando para atender una falla ocasionada por el hurto de un dispositivo en nuestra red. Tiempo estimado de solución 12 Horas, durante este lapso su servicio puede presentar intermitencia o ausencia del mismo.”
{% endif %} 
{% if Datos.RAZON == '2' %}
“Nuestro equipo técnico se encuentra trabajando para atender una falla ocasionada por una ruptura de fibra en nuestra red. Tiempo estimado de solución 12 Horas, durante este lapso su servicio puede presentar intermitencia o ausencia del mismo.”
{% endif %} 
{% if Datos.RAZON == '3' %}
“Nuestro equipo técnico se encuentra trabajando para atender una falla ocasionada por fallas en fluido eléctrico. Tiempo estimado de solución 12 Horas, durante este lapso su servicio puede presentar intermitencia o ausencia del mismo.”
{% endif %} 
{% if Datos.RAZON == '4' %}
“Nuestro equipo técnico se encuentra trabajando para atender una falla en nuestra plataforma de {{Datos.AFECTACION|e}} . Tiempo estimado de solución 12 Horas, durante este lapso su servicio puede presentar intermitencia o ausencia del mismo.”
{% endif %} 
{% if Datos.RAZON == '5' %}
“Nuestro equipo técnico se encuentra trabajando para atender una falla ajena a claro. Tiempo estimado de solución 12 Horas, durante este lapso su servicio puede presentar intermitencia o ausencia del mismo.”
{% endif %} 
{% if Datos.RAZON == '6' %}
“Nuestro equipo técnico se encuentra trabajando para atender una falla en la red. Tiempo estimado de solución 12 Horas, durante este lapso su servicio puede presentar intermitencia o ausencia del mismo.”
{% endif %} 
________________________________________________________________________________________________________________ 
PROCESO DE SOPORTE: Validar 1 vecino, para clientes con @ y/o TF validar los modem por Diagnosticador y garantizar que el {{ ubicacion.NOMBRE|e|title }} 
corresponda al reportado… Para clientes con solo Televisión validar el vecino telefónicamente, 
si ambos presentan la misma falla reportar las cuentas. 
________________________________________________________________________________________________________________ 
ESCENARIOS DE MARCACIÓN: --1.Primera vez que el cliente se comunica por este aviso, use la marcación DIS-FMS 
--2.Cliente se ha comunicado en más de una ocasión por este aviso, use la marcación  DIS-AVF.
<br /><br />","1"
"8","HFC","TVBIDIRECCIONAL","PRIORIDAD 4","<br />
 AVISO: {{ Datos.AVISO|e }}... 
 SÍNTOMA: {{ Datos.AVERIA|e }} {{ Datos.INTERMITENCIA == 'SI' ? 'y/o Intermitencia' }} en {{ ubicacion.NOMBRE|e|title }} . 
 SERV.AFECTADOS: {{Datos.AFECTACION|e}} 
________________________________________________________________________________________________________________ 
GUIÓN: 
{% if Datos.RAZON == '1' %}
“Nuestro equipo técnico se encuentra trabajando para atender una falla ocasionada por el hurto de un dispositivo en nuestra red. Tiempo estimado de solución 17 Horas, durante este lapso su servicio puede presentar intermitencia o ausencia del mismo.”
{% endif %} 
{% if Datos.RAZON == '2' %}
“Nuestro equipo técnico se encuentra trabajando para atender una falla ocasionada por una ruptura de fibra en nuestra red. Tiempo estimado de solución 17 Horas, durante este lapso su servicio puede presentar intermitencia o ausencia del mismo.”
{% endif %} 
{% if Datos.RAZON == '3' %}
“Nuestro equipo técnico se encuentra trabajando para atender una falla ocasionada por fallas en fluido eléctrico. Tiempo estimado de solución 17 Horas, durante este lapso su servicio puede presentar intermitencia o ausencia del mismo.”
{% endif %} 
{% if Datos.RAZON == '4' %}
“Nuestro equipo técnico se encuentra trabajando para atender una falla en nuestra plataforma de {{Datos.AFECTACION|e}} . Tiempo estimado de solución 17 Horas, durante este lapso su servicio puede presentar intermitencia o ausencia del mismo.”
{% endif %} 
{% if Datos.RAZON == '5' %}
“Nuestro equipo técnico se encuentra trabajando para atender una falla ajena a claro. Tiempo estimado de solución 17 Horas, durante este lapso su servicio puede presentar intermitencia o ausencia del mismo.”
{% endif %} 
{% if Datos.RAZON == '6' %}
“Nuestro equipo técnico se encuentra trabajando para atender una falla en la red. Tiempo estimado de solución 17 Horas, durante este lapso su servicio puede presentar intermitencia o ausencia del mismo.”
{% endif %} 
________________________________________________________________________________________________________________ 
PROCESO DE SOPORTE: Validar 1 vecino, para clientes con @ y/o TF validar los modem por Diagnosticador y garantizar que el {{ ubicacion.NOMBRE|e|title }} 
corresponda al reportado… Para clientes con solo Televisión validar el vecino telefónicamente, 
si ambos presentan la misma falla reportar las cuentas. 
________________________________________________________________________________________________________________ 
ESCENARIOS DE MARCACIÓN: --1.Primera vez que el cliente se comunica por este aviso, use la marcación DIS-FMS 
--2.Cliente se ha comunicado en más de una ocasión por este aviso, use la marcación  DIS-AVF.
<br /><br />","1"
"9","HFC","TVUNIDIRECCIONAL","PRIORIDAD 1","<br />
 AVISO: {{ Datos.AVISO|e }}... 
 SÍNTOMA: {{ Datos.AVERIA|e }} {{ Datos.INTERMITENCIA == 'SI' ? 'y/o Intermitencia' }} en {{ ubicacion.NOMBRE|e|title }} . 
 SERV.AFECTADOS: {{Datos.AFECTACION|e}} 
________________________________________________________________________________________________________________ 
GUIÓN: 
{% if Datos.RAZON == '1' %}
“Nuestro equipo técnico se encuentra trabajando para atender una falla ocasionada por el hurto de un dispositivo en nuestra red. Tiempo estimado de solución 5 Horas, durante este lapso su servicio puede presentar intermitencia o ausencia del mismo.”
{% endif %} 
{% if Datos.RAZON == '2' %}
“Nuestro equipo técnico se encuentra trabajando para atender una falla ocasionada por una ruptura de fibra en nuestra red. Tiempo estimado de solución 5 Horas, durante este lapso su servicio puede presentar intermitencia o ausencia del mismo.”
{% endif %} 
{% if Datos.RAZON == '3' %}
“Nuestro equipo técnico se encuentra trabajando para atender una falla ocasionada por fallas en fluido eléctrico. Tiempo estimado de solución 5 Horas, durante este lapso su servicio puede presentar intermitencia o ausencia del mismo.”
{% endif %} 
{% if Datos.RAZON == '4' %}
“Nuestro equipo técnico se encuentra trabajando para atender una falla en nuestra plataforma de {{Datos.AFECTACION|e}} . Tiempo estimado de solución 5 Horas, durante este lapso su servicio puede presentar intermitencia o ausencia del mismo.”
{% endif %} 
{% if Datos.RAZON == '5' %}
“Nuestro equipo técnico se encuentra trabajando para atender una falla ajena a claro. Tiempo estimado de solución 5 Horas, durante este lapso su servicio puede presentar intermitencia o ausencia del mismo.”
{% endif %} 
{% if Datos.RAZON == '6' %}
“Nuestro equipo técnico se encuentra trabajando para atender una falla en la red. Tiempo estimado de solución 5 Horas, durante este lapso su servicio puede presentar intermitencia o ausencia del mismo.”
{% endif %} 
________________________________________________________________________________________________________________ 
PROCESO DE SOPORTE: Reportar la cuenta a través de la Página de Gerencia, 
NO REQUIERE VALIDAR VECINOS. 
________________________________________________________________________________________________________________ 
ESCENARIOS DE MARCACIÓN: --1.Primera vez que el cliente se comunica por este aviso, use la marcación DIS-FMS 
--2.Cliente se ha comunicado en más de una ocasión por este aviso, use la marcación  DIS-AVF.
<br /><br />","1"
"10","HFC","TVUNIDIRECCIONAL","PRIORIDAD 2","<br />
 AVISO: {{ Datos.AVISO|e }}... 
 SÍNTOMA: {{ Datos.AVERIA|e }} {{ Datos.INTERMITENCIA == 'SI' ? 'y/o Intermitencia' }} en {{ ubicacion.NOMBRE|e|title }} . 
 SERV.AFECTADOS: {{Datos.AFECTACION|e}} 
________________________________________________________________________________________________________________ 
GUIÓN: 
{% if Datos.RAZON == '1' %}
“Nuestro equipo técnico se encuentra trabajando para atender una falla ocasionada por el hurto de un dispositivo en nuestra red. Tiempo estimado de solución 8 Horas, durante este lapso su servicio puede presentar intermitencia o ausencia del mismo.”
{% endif %} 
{% if Datos.RAZON == '2' %}
“Nuestro equipo técnico se encuentra trabajando para atender una falla ocasionada por una ruptura de fibra en nuestra red. Tiempo estimado de solución 8 Horas, durante este lapso su servicio puede presentar intermitencia o ausencia del mismo.”
{% endif %} 
{% if Datos.RAZON == '3' %}
“Nuestro equipo técnico se encuentra trabajando para atender una falla ocasionada por fallas en fluido eléctrico. Tiempo estimado de solución 8 Horas, durante este lapso su servicio puede presentar intermitencia o ausencia del mismo.”
{% endif %} 
{% if Datos.RAZON == '4' %}
“Nuestro equipo técnico se encuentra trabajando para atender una falla en nuestra plataforma de {{Datos.AFECTACION|e}} . Tiempo estimado de solución 8 Horas, durante este lapso su servicio puede presentar intermitencia o ausencia del mismo.”
{% endif %} 
{% if Datos.RAZON == '5' %}
“Nuestro equipo técnico se encuentra trabajando para atender una falla ajena a claro. Tiempo estimado de solución 8 Horas, durante este lapso su servicio puede presentar intermitencia o ausencia del mismo.”
{% endif %} 
{% if Datos.RAZON == '6' %}
“Nuestro equipo técnico se encuentra trabajando para atender una falla en la red. Tiempo estimado de solución 8 Horas, durante este lapso su servicio puede presentar intermitencia o ausencia del mismo.”
{% endif %} 
________________________________________________________________________________________________________________ 
PROCESO DE SOPORTE: Reportar la cuenta a través de la Página de Gerencia, 
NO REQUIERE VALIDAR VECINOS. 
________________________________________________________________________________________________________________ 
ESCENARIOS DE MARCACIÓN: --1.Primera vez que el cliente se comunica por este aviso, use la marcación DIS-FMS 
--2.Cliente se ha comunicado en más de una ocasión por este aviso, use la marcación  DIS-AVF.
<br /><br />","1"
"11","HFC","TVUNIDIRECCIONAL","PRIORIDAD 3","<br />
 AVISO: {{ Datos.AVISO|e }}... 
 SÍNTOMA: {{ Datos.AVERIA|e }} {{ Datos.INTERMITENCIA == 'SI' ? 'y/o Intermitencia' }} en {{ ubicacion.NOMBRE|e|title }} . 
 SERV.AFECTADOS: {{Datos.AFECTACION|e}} 
________________________________________________________________________________________________________________ 
GUIÓN: 
{% if Datos.RAZON == '1' %}
“Nuestro equipo técnico se encuentra trabajando para atender una falla ocasionada por el hurto de un dispositivo en nuestra red. Tiempo estimado de solución 12 Horas, durante este lapso su servicio puede presentar intermitencia o ausencia del mismo.”
{% endif %} 
{% if Datos.RAZON == '2' %}
“Nuestro equipo técnico se encuentra trabajando para atender una falla ocasionada por una ruptura de fibra en nuestra red. Tiempo estimado de solución 12 Horas, durante este lapso su servicio puede presentar intermitencia o ausencia del mismo.”
{% endif %} 
{% if Datos.RAZON == '3' %}
“Nuestro equipo técnico se encuentra trabajando para atender una falla ocasionada por fallas en fluido eléctrico. Tiempo estimado de solución 12 Horas, durante este lapso su servicio puede presentar intermitencia o ausencia del mismo.”
{% endif %} 
{% if Datos.RAZON == '4' %}
“Nuestro equipo técnico se encuentra trabajando para atender una falla en nuestra plataforma de {{Datos.AFECTACION|e}} . Tiempo estimado de solución 12 Horas, durante este lapso su servicio puede presentar intermitencia o ausencia del mismo.”
{% endif %} 
{% if Datos.RAZON == '5' %}
“Nuestro equipo técnico se encuentra trabajando para atender una falla ajena a claro. Tiempo estimado de solución 12 Horas, durante este lapso su servicio puede presentar intermitencia o ausencia del mismo.”
{% endif %} 
{% if Datos.RAZON == '6' %}
“Nuestro equipo técnico se encuentra trabajando para atender una falla en la red. Tiempo estimado de solución 12 Horas, durante este lapso su servicio puede presentar intermitencia o ausencia del mismo.”
{% endif %} 
________________________________________________________________________________________________________________ 
PROCESO DE SOPORTE: Reportar la cuenta a través de la Página de Gerencia, 
NO REQUIERE VALIDAR VECINOS. 
________________________________________________________________________________________________________________ 
ESCENARIOS DE MARCACIÓN: --1.Primera vez que el cliente se comunica por este aviso, use la marcación DIS-FMS 
--2.Cliente se ha comunicado en más de una ocasión por este aviso, use la marcación  DIS-AVF.
<br /><br />","1"
"12","HFC","TVUNIDIRECCIONAL","PRIORIDAD 4","<br />
 AVISO: {{ Datos.AVISO|e }}... 
 SÍNTOMA: {{ Datos.AVERIA|e }} {{ Datos.INTERMITENCIA == 'SI' ? 'y/o Intermitencia' }} en {{ ubicacion.NOMBRE|e|title }} . 
 SERV.AFECTADOS: {{Datos.AFECTACION|e}} 
________________________________________________________________________________________________________________ 
GUIÓN: 
{% if Datos.RAZON == '1' %}
“Nuestro equipo técnico se encuentra trabajando para atender una falla ocasionada por el hurto de un dispositivo en nuestra red. Tiempo estimado de solución 17 Horas, durante este lapso su servicio puede presentar intermitencia o ausencia del mismo.”
{% endif %} 
{% if Datos.RAZON == '2' %}
“Nuestro equipo técnico se encuentra trabajando para atender una falla ocasionada por una ruptura de fibra en nuestra red. Tiempo estimado de solución 17 Horas, durante este lapso su servicio puede presentar intermitencia o ausencia del mismo.”
{% endif %} 
{% if Datos.RAZON == '3' %}
“Nuestro equipo técnico se encuentra trabajando para atender una falla ocasionada por fallas en fluido eléctrico. Tiempo estimado de solución 17 Horas, durante este lapso su servicio puede presentar intermitencia o ausencia del mismo.”
{% endif %} 
{% if Datos.RAZON == '4' %}
“Nuestro equipo técnico se encuentra trabajando para atender una falla en nuestra plataforma de {{Datos.AFECTACION|e}} . Tiempo estimado de solución 17 Horas, durante este lapso su servicio puede presentar intermitencia o ausencia del mismo.”
{% endif %} 
{% if Datos.RAZON == '5' %}
“Nuestro equipo técnico se encuentra trabajando para atender una falla ajena a claro. Tiempo estimado de solución 17 Horas, durante este lapso su servicio puede presentar intermitencia o ausencia del mismo.”
{% endif %} 
{% if Datos.RAZON == '6' %}
“Nuestro equipo técnico se encuentra trabajando para atender una falla en la red. Tiempo estimado de solución 17 Horas, durante este lapso su servicio puede presentar intermitencia o ausencia del mismo.”
{% endif %} 
________________________________________________________________________________________________________________ 
PROCESO DE SOPORTE: Reportar la cuenta a través de la Página de Gerencia, 
NO REQUIERE VALIDAR VECINOS. 
________________________________________________________________________________________________________________ 
ESCENARIOS DE MARCACIÓN: --1.Primera vez que el cliente se comunica por este aviso, use la marcación DIS-FMS 
--2.Cliente se ha comunicado en más de una ocasión por este aviso, use la marcación  DIS-AVF.
<br /><br />","1"
"13","HFC","INTYTEL","PRIORIDAD 1","{% if Datos.AVERIA == 'Sin_Niveles' %}
<br />
 AVISO: {{ Datos.AVISO|e }}. 
 SÍNTOMA:  Cable_Módem {{ Datos.AVERIA|e }} {{ Datos.INTERMITENCIA == 'SI' ? 'y/o Intermitencia' }} en {{ ubicacion.NOMBRE|e|title }}.  
 SERV.AFECTADOS: {{Datos.AFECTACION|e}} 
________________________________________________________________________________________________________________ 
GUIÓN: 
{% if Datos.RAZON == '1' %}
“Nuestro equipo técnico se encuentra trabajando para atender una falla ocasionada por el hurto de un dispositivo en nuestra red. Tiempo estimado de solución 5 Horas, durante este lapso su servicio puede presentar intermitencia o ausencia del mismo.”
{% endif %} 
{% if Datos.RAZON == '2' %}
“Nuestro equipo técnico se encuentra trabajando para atender una falla ocasionada por una ruptura de fibra en nuestra red. Tiempo estimado de solución 5 Horas, durante este lapso su servicio puede presentar intermitencia o ausencia del mismo.”
{% endif %} 
{% if Datos.RAZON == '3' %}
“Nuestro equipo técnico se encuentra trabajando para atender una falla ocasionada por fallas en fluido eléctrico. Tiempo estimado de solución 5 Horas, durante este lapso su servicio puede presentar intermitencia o ausencia del mismo.”
{% endif %} 
{% if Datos.RAZON == '4' %}
“Nuestro equipo técnico se encuentra trabajando para atender una falla en nuestra plataforma de {{Datos.AFECTACION|e}} . Tiempo estimado de solución 5 Horas, durante este lapso su servicio puede presentar intermitencia o ausencia del mismo.”
{% endif %} 
{% if Datos.RAZON == '5' %}
“Nuestro equipo técnico se encuentra trabajando para atender una falla ajena a claro. Tiempo estimado de solución 5 Horas, durante este lapso su servicio puede presentar intermitencia o ausencia del mismo.”
{% endif %} 
{% if Datos.RAZON == '6' %}
“Nuestro equipo técnico se encuentra trabajando para atender una falla en la red. Tiempo estimado de solución 5 Horas, durante este lapso su servicio puede presentar intermitencia o ausencia del mismo.”
{% endif %} 
________________________________________________________________________________________________________________ 
PROCESO DE SOPORTE: Reportar la cuenta a través de la Página de Gerencia, 
NO REQUIERE VALIDAR VECINOS. 
________________________________________________________________________________________________________________ 
ESCENARIOS DE MARCACIÓN: --1.Primera vez que el cliente se comunica por este aviso, use la marcación DIS-FMS 
--2.Cliente se ha comunicado en más de una ocasión por este aviso, use la marcación  DIS-AVF.
<br /><br />
{% endif %} {% if Datos.AVERIA == 'Niveles_Desf_Ruido' %}
<br />
 AVISO: {{ Datos.AVISO|e }}. 
 SÍNTOMA:  Cable_Módem {{ Datos.AVERIA|e }} {{ Datos.INTERMITENCIA == 'SI' ? 'y/o Intermitencia' }} en {{ ubicacion.NOMBRE|e|title }}.  
 SERV.AFECTADOS: 3_Play 
________________________________________________________________________________________________________________ 
Recuerde: <br />{{ Datos.AVERIA|e }} generan Intermitencia, Pixelación, Ausencia de Señal, Lentitud y problemas de Calidad de Voz  
________________________________________________________________________________________________________________ 
GUIÓN: 
{% if Datos.RAZON == '1' %}
“Nuestro equipo técnico se encuentra trabajando para atender una falla ocasionada por el hurto de un dispositivo en nuestra red. Tiempo estimado de solución 98 Horas, durante este lapso su servicio puede presentar intermitencia o ausencia del mismo.”
{% endif %} 
{% if Datos.RAZON == '2' %}
“Nuestro equipo técnico se encuentra trabajando para atender una falla ocasionada por una ruptura de fibra en nuestra red. Tiempo estimado de solución 98 Horas, durante este lapso su servicio puede presentar intermitencia o ausencia del mismo.”
{% endif %} 
{% if Datos.RAZON == '3' %}
“Nuestro equipo técnico se encuentra trabajando para atender una falla ocasionada por fallas en fluido eléctrico. Tiempo estimado de solución 98 Horas, durante este lapso su servicio puede presentar intermitencia o ausencia del mismo.”
{% endif %} 
{% if Datos.RAZON == '4' %}
“Nuestro equipo técnico se encuentra trabajando para atender una falla en nuestra plataforma de {{Datos.AFECTACION|e}} . Tiempo estimado de solución 98 Horas, durante este lapso su servicio puede presentar intermitencia o ausencia del mismo.”
{% endif %} 
{% if Datos.RAZON == '5' %}
“Nuestro equipo técnico se encuentra trabajando para atender una falla ajena a claro. Tiempo estimado de solución 98 Horas, durante este lapso su servicio puede presentar intermitencia o ausencia del mismo.”
{% endif %} 
{% if Datos.RAZON == '6' %}
“Nuestro equipo técnico se encuentra trabajando para atender una falla en la red. Tiempo estimado de solución 98 Horas, durante este lapso su servicio puede presentar intermitencia o ausencia del mismo.”
{% endif %} 
________________________________________________________________________________________________________________ 
PROCESO DE SOPORTE: Reportar la cuenta a través de la Página de Gerencia, 
NO REQUIERE VALIDAR VECINOS. 
________________________________________________________________________________________________________________ 
ESCENARIOS DE MARCACIÓN: --1.Primera vez que el cliente se comunica por este aviso, use la marcación SOP-MRU 
--2.Cliente se ha comunicado en más de una ocasión por este aviso, use la marcación  DIS-AVF.
<br /><br />		
{% endif %} {% if Datos.AVERIA == 'Niveles_Desf_Potencia' %}
<br />
 AVISO: {{ Datos.AVISO|e }}. 
 SÍNTOMA:  Cable_Módem {{ Datos.AVERIA|e }} {{ Datos.INTERMITENCIA == 'SI' ? 'y/o Intermitencia' }} en {{ ubicacion.NOMBRE|e|title }}.  
 SERV.AFECTADOS: 3_Play 
________________________________________________________________________________________________________________ 
Recuerde: <br />{{ Datos.AVERIA|e }} generan Intermitencia, Pixelación, Ausencia de Señal, Lentitud y problemas de Calidad de Voz  
________________________________________________________________________________________________________________ 
GUIÓN: 
{% if Datos.RAZON == '1' %}
“Nuestro equipo técnico se encuentra trabajando para atender una falla ocasionada por el hurto de un dispositivo en nuestra red. Tiempo estimado de solución 98 Horas, durante este lapso su servicio puede presentar intermitencia o ausencia del mismo.”
{% endif %} 
{% if Datos.RAZON == '2' %}
“Nuestro equipo técnico se encuentra trabajando para atender una falla ocasionada por una ruptura de fibra en nuestra red. Tiempo estimado de solución 98 Horas, durante este lapso su servicio puede presentar intermitencia o ausencia del mismo.”
{% endif %} 
{% if Datos.RAZON == '3' %}
“Nuestro equipo técnico se encuentra trabajando para atender una falla ocasionada por fallas en fluido eléctrico. Tiempo estimado de solución 98 Horas, durante este lapso su servicio puede presentar intermitencia o ausencia del mismo.”
{% endif %} 
{% if Datos.RAZON == '4' %}
“Nuestro equipo técnico se encuentra trabajando para atender una falla en nuestra plataforma de {{Datos.AFECTACION|e}} . Tiempo estimado de solución 98 Horas, durante este lapso su servicio puede presentar intermitencia o ausencia del mismo.”
{% endif %} 
{% if Datos.RAZON == '5' %}
“Nuestro equipo técnico se encuentra trabajando para atender una falla ajena a claro. Tiempo estimado de solución 98 Horas, durante este lapso su servicio puede presentar intermitencia o ausencia del mismo.”
{% endif %} 
{% if Datos.RAZON == '6' %}
“Nuestro equipo técnico se encuentra trabajando para atender una falla en la red. Tiempo estimado de solución 98 Horas, durante este lapso su servicio puede presentar intermitencia o ausencia del mismo.”
{% endif %} 
________________________________________________________________________________________________________________ 
PROCESO DE SOPORTE: Reportar la cuenta a través de la Página de Gerencia, 
NO REQUIERE VALIDAR VECINOS. 
________________________________________________________________________________________________________________ 
ESCENARIOS DE MARCACIÓN: --1.Primera vez que el cliente se comunica por este aviso, use la marcación SOP-MRU 
--2.Cliente se ha comunicado en más de una ocasión por este aviso, use la marcación  DIS-AVF.
<br /><br />
{% endif %} {% if Datos.AVERIA == 'Niveles_Desfasados' %}
<br />
 AVISO: {{ Datos.AVISO|e }}. 
 SÍNTOMA:  Cable_Módem {{ Datos.AVERIA|e }} {{ Datos.INTERMITENCIA == 'SI' ? 'y/o Intermitencia' }} en {{ ubicacion.NOMBRE|e|title }}.  
 SERV.AFECTADOS: 3_Play 
________________________________________________________________________________________________________________ 
Recuerde: <br />{{ Datos.AVERIA|e }} generan Intermitencia, Pixelación, Ausencia de Señal, Lentitud y problemas de Calidad de Voz  
________________________________________________________________________________________________________________ 
GUIÓN: 
{% if Datos.RAZON == '1' %}
“Nuestro equipo técnico se encuentra trabajando para atender una falla ocasionada por el hurto de un dispositivo en nuestra red. Tiempo estimado de solución 98 Horas, durante este lapso su servicio puede presentar intermitencia o ausencia del mismo.”
{% endif %} 
{% if Datos.RAZON == '2' %}
“Nuestro equipo técnico se encuentra trabajando para atender una falla ocasionada por una ruptura de fibra en nuestra red. Tiempo estimado de solución 98 Horas, durante este lapso su servicio puede presentar intermitencia o ausencia del mismo.”
{% endif %} 
{% if Datos.RAZON == '3' %}
“Nuestro equipo técnico se encuentra trabajando para atender una falla ocasionada por fallas en fluido eléctrico. Tiempo estimado de solución 98 Horas, durante este lapso su servicio puede presentar intermitencia o ausencia del mismo.”
{% endif %} 
{% if Datos.RAZON == '4' %}
“Nuestro equipo técnico se encuentra trabajando para atender una falla en nuestra plataforma de {{Datos.AFECTACION|e}} . Tiempo estimado de solución 98 Horas, durante este lapso su servicio puede presentar intermitencia o ausencia del mismo.”
{% endif %} 
{% if Datos.RAZON == '5' %}
“Nuestro equipo técnico se encuentra trabajando para atender una falla ajena a claro. Tiempo estimado de solución 98 Horas, durante este lapso su servicio puede presentar intermitencia o ausencia del mismo.”
{% endif %} 
{% if Datos.RAZON == '6' %}
“Nuestro equipo técnico se encuentra trabajando para atender una falla en la red. Tiempo estimado de solución 98 Horas, durante este lapso su servicio puede presentar intermitencia o ausencia del mismo.”
{% endif %} 
________________________________________________________________________________________________________________ 
PROCESO DE SOPORTE: Reportar la cuenta a través de la Página de Gerencia, 
NO REQUIERE VALIDAR VECINOS. 
________________________________________________________________________________________________________________ 
ESCENARIOS DE MARCACIÓN: --1.Primera vez que el cliente se comunica por este aviso, use la marcación SOP-MRU 
--2.Cliente se ha comunicado en más de una ocasión por este aviso, use la marcación  DIS-AVF.
<br /><br />
{% endif %} ","1"
"14","HFC","INTYTEL","PRIORIDAD 2","{% if Datos.AVERIA == 'Sin_Niveles' %}
<br />
 AVISO: {{ Datos.AVISO|e }}. 
 SÍNTOMA:  Cable_Módem {{ Datos.AVERIA|e }} {{ Datos.INTERMITENCIA == 'SI' ? 'y/o Intermitencia' }} en {{ ubicacion.NOMBRE|e|title }}. 
 SERV.AFECTADOS: {{Datos.AFECTACION|e}} 
________________________________________________________________________________________________________________ 
GUIÓN: 
{% if Datos.RAZON == '1' %}
“Nuestro equipo técnico se encuentra trabajando para atender una falla ocasionada por el hurto de un dispositivo en nuestra red. Tiempo estimado de solución 8 Horas, durante este lapso su servicio puede presentar intermitencia o ausencia del mismo.”
{% endif %} 
{% if Datos.RAZON == '2' %}
“Nuestro equipo técnico se encuentra trabajando para atender una falla ocasionada por una ruptura de fibra en nuestra red. Tiempo estimado de solución 8 Horas, durante este lapso su servicio puede presentar intermitencia o ausencia del mismo.”
{% endif %} 
{% if Datos.RAZON == '3' %}
“Nuestro equipo técnico se encuentra trabajando para atender una falla ocasionada por fallas en fluido eléctrico. Tiempo estimado de solución 8 Horas, durante este lapso su servicio puede presentar intermitencia o ausencia del mismo.”
{% endif %} 
{% if Datos.RAZON == '4' %}
“Nuestro equipo técnico se encuentra trabajando para atender una falla en nuestra plataforma de {{Datos.AFECTACION|e}} . Tiempo estimado de solución 8 Horas, durante este lapso su servicio puede presentar intermitencia o ausencia del mismo.”
{% endif %} 
{% if Datos.RAZON == '5' %}
“Nuestro equipo técnico se encuentra trabajando para atender una falla ajena a claro. Tiempo estimado de solución 8 Horas, durante este lapso su servicio puede presentar intermitencia o ausencia del mismo.”
{% endif %} 
{% if Datos.RAZON == '6' %}
“Nuestro equipo técnico se encuentra trabajando para atender una falla en la red. Tiempo estimado de solución 8 Horas, durante este lapso su servicio puede presentar intermitencia o ausencia del mismo.”
{% endif %} 
________________________________________________________________________________________________________________ 
PROCESO DE SOPORTE: Reportar la cuenta a través de la Página de Gerencia, 
NO REQUIERE VALIDAR VECINOS. 
________________________________________________________________________________________________________________ 
ESCENARIOS DE MARCACIÓN: --1.Primera vez que el cliente se comunica por este aviso, use la marcación DIS-FMS 
--2.Cliente se ha comunicado en más de una ocasión por este aviso, use la marcación  DIS-AVF.
<br /><br />
{% endif %} {% if Datos.AVERIA == 'Niveles_Desf_Ruido' %}
<br />
 AVISO: {{ Datos.AVISO|e }}. 
 SÍNTOMA:  Cable_Módem {{ Datos.AVERIA|e }} {{ Datos.INTERMITENCIA == 'SI' ? 'y/o Intermitencia' }} en {{ ubicacion.NOMBRE|e|title }}.  
 SERV.AFECTADOS: 3_Play 
________________________________________________________________________________________________________________ 
Recuerde: <br />{{ Datos.AVERIA|e }} generan Intermitencia, Pixelación, Ausencia de Señal, Lentitud y problemas de Calidad de Voz  
________________________________________________________________________________________________________________ 
GUIÓN: 
{% if Datos.RAZON == '1' %}
“Nuestro equipo técnico se encuentra trabajando para atender una falla ocasionada por el hurto de un dispositivo en nuestra red. Tiempo estimado de solución 98 Horas, durante este lapso su servicio puede presentar intermitencia o ausencia del mismo.”
{% endif %} 
{% if Datos.RAZON == '2' %}
“Nuestro equipo técnico se encuentra trabajando para atender una falla ocasionada por una ruptura de fibra en nuestra red. Tiempo estimado de solución 98 Horas, durante este lapso su servicio puede presentar intermitencia o ausencia del mismo.”
{% endif %} 
{% if Datos.RAZON == '3' %}
“Nuestro equipo técnico se encuentra trabajando para atender una falla ocasionada por fallas en fluido eléctrico. Tiempo estimado de solución 98 Horas, durante este lapso su servicio puede presentar intermitencia o ausencia del mismo.”
{% endif %} 
{% if Datos.RAZON == '4' %}
“Nuestro equipo técnico se encuentra trabajando para atender una falla en nuestra plataforma de {{Datos.AFECTACION|e}} . Tiempo estimado de solución 98 Horas, durante este lapso su servicio puede presentar intermitencia o ausencia del mismo.”
{% endif %} 
{% if Datos.RAZON == '5' %}
“Nuestro equipo técnico se encuentra trabajando para atender una falla ajena a claro. Tiempo estimado de solución 98 Horas, durante este lapso su servicio puede presentar intermitencia o ausencia del mismo.”
{% endif %} 
{% if Datos.RAZON == '6' %}
“Nuestro equipo técnico se encuentra trabajando para atender una falla en la red. Tiempo estimado de solución 98 Horas, durante este lapso su servicio puede presentar intermitencia o ausencia del mismo.”
{% endif %} 
________________________________________________________________________________________________________________ 
PROCESO DE SOPORTE: Reportar la cuenta a través de la Página de Gerencia, 
NO REQUIERE VALIDAR VECINOS. 
________________________________________________________________________________________________________________ 
ESCENARIOS DE MARCACIÓN: --1.Primera vez que el cliente se comunica por este aviso, use la marcación SOP-MRU 
--2.Cliente se ha comunicado en más de una ocasión por este aviso, use la marcación  DIS-AVF.
<br /><br />		
{% endif %} {% if Datos.AVERIA == 'Niveles_Desf_Potencia' %}
<br />
 AVISO: {{ Datos.AVISO|e }}. 
 SÍNTOMA:  Cable_Módem {{ Datos.AVERIA|e }} {{ Datos.INTERMITENCIA == 'SI' ? 'y/o Intermitencia' }} en {{ ubicacion.NOMBRE|e|title }}.  
 SERV.AFECTADOS: 3_Play 
________________________________________________________________________________________________________________ 
Recuerde: <br />{{ Datos.AVERIA|e }} generan Intermitencia, Pixelación, Ausencia de Señal, Lentitud y problemas de Calidad de Voz  
________________________________________________________________________________________________________________ 
GUIÓN: 
{% if Datos.RAZON == '1' %}
“Nuestro equipo técnico se encuentra trabajando para atender una falla ocasionada por el hurto de un dispositivo en nuestra red. Tiempo estimado de solución 98 Horas, durante este lapso su servicio puede presentar intermitencia o ausencia del mismo.”
{% endif %} 
{% if Datos.RAZON == '2' %}
“Nuestro equipo técnico se encuentra trabajando para atender una falla ocasionada por una ruptura de fibra en nuestra red. Tiempo estimado de solución 98 Horas, durante este lapso su servicio puede presentar intermitencia o ausencia del mismo.”
{% endif %} 
{% if Datos.RAZON == '3' %}
“Nuestro equipo técnico se encuentra trabajando para atender una falla ocasionada por fallas en fluido eléctrico. Tiempo estimado de solución 98 Horas, durante este lapso su servicio puede presentar intermitencia o ausencia del mismo.”
{% endif %} 
{% if Datos.RAZON == '4' %}
“Nuestro equipo técnico se encuentra trabajando para atender una falla en nuestra plataforma de {{Datos.AFECTACION|e}} . Tiempo estimado de solución 98 Horas, durante este lapso su servicio puede presentar intermitencia o ausencia del mismo.”
{% endif %} 
{% if Datos.RAZON == '5' %}
“Nuestro equipo técnico se encuentra trabajando para atender una falla ajena a claro. Tiempo estimado de solución 98 Horas, durante este lapso su servicio puede presentar intermitencia o ausencia del mismo.”
{% endif %} 
{% if Datos.RAZON == '6' %}
“Nuestro equipo técnico se encuentra trabajando para atender una falla en la red. Tiempo estimado de solución 98 Horas, durante este lapso su servicio puede presentar intermitencia o ausencia del mismo.”
{% endif %} 
________________________________________________________________________________________________________________ 
PROCESO DE SOPORTE: Reportar la cuenta a través de la Página de Gerencia, 
NO REQUIERE VALIDAR VECINOS. 
________________________________________________________________________________________________________________ 
ESCENARIOS DE MARCACIÓN: --1.Primera vez que el cliente se comunica por este aviso, use la marcación SOP-MRU 
--2.Cliente se ha comunicado en más de una ocasión por este aviso, use la marcación  DIS-AVF.
<br /><br />
{% endif %} {% if Datos.AVERIA == 'Niveles_Desfasados' %}
<br />
 AVISO: {{ Datos.AVISO|e }}. 
 SÍNTOMA:  Cable_Módem {{ Datos.AVERIA|e }} {{ Datos.INTERMITENCIA == 'SI' ? 'y/o Intermitencia' }} en {{ ubicacion.NOMBRE|e|title }}.  
 SERV.AFECTADOS: 3_Play 
________________________________________________________________________________________________________________ 
Recuerde: <br />{{ Datos.AVERIA|e }} generan Intermitencia, Pixelación, Ausencia de Señal, Lentitud y problemas de Calidad de Voz  
________________________________________________________________________________________________________________ 
GUIÓN: 
{% if Datos.RAZON == '1' %}
“Nuestro equipo técnico se encuentra trabajando para atender una falla ocasionada por el hurto de un dispositivo en nuestra red. Tiempo estimado de solución 98 Horas, durante este lapso su servicio puede presentar intermitencia o ausencia del mismo.”
{% endif %} 
{% if Datos.RAZON == '2' %}
“Nuestro equipo técnico se encuentra trabajando para atender una falla ocasionada por una ruptura de fibra en nuestra red. Tiempo estimado de solución 98 Horas, durante este lapso su servicio puede presentar intermitencia o ausencia del mismo.”
{% endif %} 
{% if Datos.RAZON == '3' %}
“Nuestro equipo técnico se encuentra trabajando para atender una falla ocasionada por fallas en fluido eléctrico. Tiempo estimado de solución 98 Horas, durante este lapso su servicio puede presentar intermitencia o ausencia del mismo.”
{% endif %} 
{% if Datos.RAZON == '4' %}
“Nuestro equipo técnico se encuentra trabajando para atender una falla en nuestra plataforma de {{Datos.AFECTACION|e}} . Tiempo estimado de solución 98 Horas, durante este lapso su servicio puede presentar intermitencia o ausencia del mismo.”
{% endif %} 
{% if Datos.RAZON == '5' %}
“Nuestro equipo técnico se encuentra trabajando para atender una falla ajena a claro. Tiempo estimado de solución 98 Horas, durante este lapso su servicio puede presentar intermitencia o ausencia del mismo.”
{% endif %} 
{% if Datos.RAZON == '6' %}
“Nuestro equipo técnico se encuentra trabajando para atender una falla en la red. Tiempo estimado de solución 98 Horas, durante este lapso su servicio puede presentar intermitencia o ausencia del mismo.”
{% endif %} 
________________________________________________________________________________________________________________ 
PROCESO DE SOPORTE: Reportar la cuenta a través de la Página de Gerencia, 
NO REQUIERE VALIDAR VECINOS. 
________________________________________________________________________________________________________________ 
ESCENARIOS DE MARCACIÓN: --1.Primera vez que el cliente se comunica por este aviso, use la marcación SOP-MRU 
--2.Cliente se ha comunicado en más de una ocasión por este aviso, use la marcación  DIS-AVF.
<br /><br />
{% endif %} ","1"
"15","HFC","INTYTEL","PRIORIDAD 3","{% if Datos.AVERIA == 'Sin_Niveles' %}
<br />
 AVISO: {{ Datos.AVISO|e }}. 
 SÍNTOMA:  Cable_Módem {{ Datos.AVERIA|e }} {{ Datos.INTERMITENCIA == 'SI' ? 'y/o Intermitencia' }} en {{ ubicacion.NOMBRE|e|title }}. 
 SERV.AFECTADOS: {{Datos.AFECTACION|e}} 
________________________________________________________________________________________________________________ 
GUIÓN: 
{% if Datos.RAZON == '1' %}
“Nuestro equipo técnico se encuentra trabajando para atender una falla ocasionada por el hurto de un dispositivo en nuestra red. Tiempo estimado de solución 12 Horas, durante este lapso su servicio puede presentar intermitencia o ausencia del mismo.”
{% endif %} 
{% if Datos.RAZON == '2' %}
“Nuestro equipo técnico se encuentra trabajando para atender una falla ocasionada por una ruptura de fibra en nuestra red. Tiempo estimado de solución 12 Horas, durante este lapso su servicio puede presentar intermitencia o ausencia del mismo.”
{% endif %} 
{% if Datos.RAZON == '3' %}
“Nuestro equipo técnico se encuentra trabajando para atender una falla ocasionada por fallas en fluido eléctrico. Tiempo estimado de solución 12 Horas, durante este lapso su servicio puede presentar intermitencia o ausencia del mismo.”
{% endif %} 
{% if Datos.RAZON == '4' %}
“Nuestro equipo técnico se encuentra trabajando para atender una falla en nuestra plataforma de {{Datos.AFECTACION|e}} . Tiempo estimado de solución 12 Horas, durante este lapso su servicio puede presentar intermitencia o ausencia del mismo.”
{% endif %} 
{% if Datos.RAZON == '5' %}
“Nuestro equipo técnico se encuentra trabajando para atender una falla ajena a claro. Tiempo estimado de solución 12 Horas, durante este lapso su servicio puede presentar intermitencia o ausencia del mismo.”
{% endif %} 
{% if Datos.RAZON == '6' %}
“Nuestro equipo técnico se encuentra trabajando para atender una falla en la red. Tiempo estimado de solución 12 Horas, durante este lapso su servicio puede presentar intermitencia o ausencia del mismo.”
{% endif %} 
________________________________________________________________________________________________________________ 
PROCESO DE SOPORTE: Validar 1 vecino por Diagnosticador y garantizar que el {{ ubicacion.NOMBRE|e|title }} 
corresponda al reportado… si ambos presentan la misma falla reportar las cuentas. 
________________________________________________________________________________________________________________ 
ESCENARIOS DE MARCACIÓN: --1.Primera vez que el cliente se comunica por este aviso, use la marcación DIS-FMS 
--2.Cliente se ha comunicado en más de una ocasión por este aviso, use la marcación  DIS-AVF.
<br /><br />
{% endif %} {% if Datos.AVERIA == 'Niveles_Desf_Ruido' %}
<br />
 AVISO: {{ Datos.AVISO|e }}. 
 SÍNTOMA:  Cable_Módem {{ Datos.AVERIA|e }} {{ Datos.INTERMITENCIA == 'SI' ? 'y/o Intermitencia' }} en {{ ubicacion.NOMBRE|e|title }}.  
 SERV.AFECTADOS: 3_Play 
________________________________________________________________________________________________________________ 
Recuerde: <br />{{ Datos.AVERIA|e }} generan Intermitencia, Pixelación, Ausencia de Señal, Lentitud y problemas de Calidad de Voz  
________________________________________________________________________________________________________________ 
GUIÓN: 
{% if Datos.RAZON == '1' %}
“Nuestro equipo técnico se encuentra trabajando para atender una falla ocasionada por el hurto de un dispositivo en nuestra red. Tiempo estimado de solución 98 Horas, durante este lapso su servicio puede presentar intermitencia o ausencia del mismo.”
{% endif %} 
{% if Datos.RAZON == '2' %}
“Nuestro equipo técnico se encuentra trabajando para atender una falla ocasionada por una ruptura de fibra en nuestra red. Tiempo estimado de solución 98 Horas, durante este lapso su servicio puede presentar intermitencia o ausencia del mismo.”
{% endif %} 
{% if Datos.RAZON == '3' %}
“Nuestro equipo técnico se encuentra trabajando para atender una falla ocasionada por fallas en fluido eléctrico. Tiempo estimado de solución 98 Horas, durante este lapso su servicio puede presentar intermitencia o ausencia del mismo.”
{% endif %} 
{% if Datos.RAZON == '4' %}
“Nuestro equipo técnico se encuentra trabajando para atender una falla en nuestra plataforma de {{Datos.AFECTACION|e}} . Tiempo estimado de solución 98 Horas, durante este lapso su servicio puede presentar intermitencia o ausencia del mismo.”
{% endif %} 
{% if Datos.RAZON == '5' %}
“Nuestro equipo técnico se encuentra trabajando para atender una falla ajena a claro. Tiempo estimado de solución 98 Horas, durante este lapso su servicio puede presentar intermitencia o ausencia del mismo.”
{% endif %} 
{% if Datos.RAZON == '6' %}
“Nuestro equipo técnico se encuentra trabajando para atender una falla en la red. Tiempo estimado de solución 98 Horas, durante este lapso su servicio puede presentar intermitencia o ausencia del mismo.”
{% endif %} 
________________________________________________________________________________________________________________ 
PROCESO DE SOPORTE: Reportar la cuenta a través de la Página de Gerencia, 
NO REQUIERE VALIDAR VECINOS.   
________________________________________________________________________________________________________________ 
ESCENARIOS DE MARCACIÓN: --1.Primera vez que el cliente se comunica por este aviso, use la marcación SOP-MRU 
--2.Cliente se ha comunicado en más de una ocasión por este aviso, use la marcación  DIS-AVF.
<br /><br />		
{% endif %} {% if Datos.AVERIA == 'Niveles_Desf_Potencia' %}
<br />
 AVISO: {{ Datos.AVISO|e }}. 
 SÍNTOMA:  Cable_Módem {{ Datos.AVERIA|e }} {{ Datos.INTERMITENCIA == 'SI' ? 'y/o Intermitencia' }} en {{ ubicacion.NOMBRE|e|title }}.  
 SERV.AFECTADOS: 3_Play 
________________________________________________________________________________________________________________ 
Recuerde: <br />{{ Datos.AVERIA|e }} generan Intermitencia, Pixelación, Ausencia de Señal, Lentitud y problemas de Calidad de Voz  
________________________________________________________________________________________________________________ 
GUIÓN: 
{% if Datos.RAZON == '1' %}
“Nuestro equipo técnico se encuentra trabajando para atender una falla ocasionada por el hurto de un dispositivo en nuestra red. Tiempo estimado de solución 98 Horas, durante este lapso su servicio puede presentar intermitencia o ausencia del mismo.”
{% endif %} 
{% if Datos.RAZON == '2' %}
“Nuestro equipo técnico se encuentra trabajando para atender una falla ocasionada por una ruptura de fibra en nuestra red. Tiempo estimado de solución 98 Horas, durante este lapso su servicio puede presentar intermitencia o ausencia del mismo.”
{% endif %} 
{% if Datos.RAZON == '3' %}
“Nuestro equipo técnico se encuentra trabajando para atender una falla ocasionada por fallas en fluido eléctrico. Tiempo estimado de solución 98 Horas, durante este lapso su servicio puede presentar intermitencia o ausencia del mismo.”
{% endif %} 
{% if Datos.RAZON == '4' %}
“Nuestro equipo técnico se encuentra trabajando para atender una falla en nuestra plataforma de {{Datos.AFECTACION|e}} . Tiempo estimado de solución 98 Horas, durante este lapso su servicio puede presentar intermitencia o ausencia del mismo.”
{% endif %} 
{% if Datos.RAZON == '5' %}
“Nuestro equipo técnico se encuentra trabajando para atender una falla ajena a claro. Tiempo estimado de solución 98 Horas, durante este lapso su servicio puede presentar intermitencia o ausencia del mismo.”
{% endif %} 
{% if Datos.RAZON == '6' %}
“Nuestro equipo técnico se encuentra trabajando para atender una falla en la red. Tiempo estimado de solución 98 Horas, durante este lapso su servicio puede presentar intermitencia o ausencia del mismo.”
{% endif %} 
________________________________________________________________________________________________________________ 
PROCESO DE SOPORTE: Reportar la cuenta a través de la Página de Gerencia, 
NO REQUIERE VALIDAR VECINOS. 
________________________________________________________________________________________________________________ 
ESCENARIOS DE MARCACIÓN: --1.Primera vez que el cliente se comunica por este aviso, use la marcación SOP-MRU 
--2.Cliente se ha comunicado en más de una ocasión por este aviso, use la marcación  DIS-AVF.
<br /><br />
{% endif %} {% if Datos.AVERIA == 'Niveles_Desfasados' %}
<br />
 AVISO: {{ Datos.AVISO|e }}. 
 SÍNTOMA:  Cable_Módem {{ Datos.AVERIA|e }} {{ Datos.INTERMITENCIA == 'SI' ? 'y/o Intermitencia' }} en {{ ubicacion.NOMBRE|e|title }}.  
 SERV.AFECTADOS: 3_Play 
________________________________________________________________________________________________________________ 
Recuerde: <br />{{ Datos.AVERIA|e }} generan Intermitencia, Pixelación, Ausencia de Señal, Lentitud y problemas de Calidad de Voz  
________________________________________________________________________________________________________________ 
GUIÓN: 
{% if Datos.RAZON == '1' %}
“Nuestro equipo técnico se encuentra trabajando para atender una falla ocasionada por el hurto de un dispositivo en nuestra red. Tiempo estimado de solución 98 Horas, durante este lapso su servicio puede presentar intermitencia o ausencia del mismo.”
{% endif %} 
{% if Datos.RAZON == '2' %}
“Nuestro equipo técnico se encuentra trabajando para atender una falla ocasionada por una ruptura de fibra en nuestra red. Tiempo estimado de solución 98 Horas, durante este lapso su servicio puede presentar intermitencia o ausencia del mismo.”
{% endif %} 
{% if Datos.RAZON == '3' %}
“Nuestro equipo técnico se encuentra trabajando para atender una falla ocasionada por fallas en fluido eléctrico. Tiempo estimado de solución 98 Horas, durante este lapso su servicio puede presentar intermitencia o ausencia del mismo.”
{% endif %} 
{% if Datos.RAZON == '4' %}
“Nuestro equipo técnico se encuentra trabajando para atender una falla en nuestra plataforma de {{Datos.AFECTACION|e}} . Tiempo estimado de solución 98 Horas, durante este lapso su servicio puede presentar intermitencia o ausencia del mismo.”
{% endif %} 
{% if Datos.RAZON == '5' %}
“Nuestro equipo técnico se encuentra trabajando para atender una falla ajena a claro. Tiempo estimado de solución 98 Horas, durante este lapso su servicio puede presentar intermitencia o ausencia del mismo.”
{% endif %} 
{% if Datos.RAZON == '6' %}
“Nuestro equipo técnico se encuentra trabajando para atender una falla en la red. Tiempo estimado de solución 98 Horas, durante este lapso su servicio puede presentar intermitencia o ausencia del mismo.”
{% endif %} 
________________________________________________________________________________________________________________ 
PROCESO DE SOPORTE: Reportar la cuenta a través de la Página de Gerencia, 
NO REQUIERE VALIDAR VECINOS. 
________________________________________________________________________________________________________________ 
ESCENARIOS DE MARCACIÓN: --1.Primera vez que el cliente se comunica por este aviso, use la marcación SOP-MRU 
--2.Cliente se ha comunicado en más de una ocasión por este aviso, use la marcación  DIS-AVF.
<br /><br />
{% endif %} ","1"
"16","HFC","INTYTEL","PRIORIDAD 4","{% if Datos.AVERIA == 'Sin_Niveles' %}
<br />
 AVISO: {{ Datos.AVISO|e }}. 
 SÍNTOMA:  Cable_Módem {{ Datos.AVERIA|e }} {{ Datos.INTERMITENCIA == 'SI' ? 'y/o Intermitencia' }} en {{ ubicacion.NOMBRE|e|title }}. 
 SERV.AFECTADOS: {{Datos.AFECTACION|e}} 
________________________________________________________________________________________________________________ 
GUIÓN: 
{% if Datos.RAZON == '1' %}
“Nuestro equipo técnico se encuentra trabajando para atender una falla ocasionada por el hurto de un dispositivo en nuestra red. Tiempo estimado de solución 17 Horas, durante este lapso su servicio puede presentar intermitencia o ausencia del mismo.”
{% endif %} 
{% if Datos.RAZON == '2' %}
“Nuestro equipo técnico se encuentra trabajando para atender una falla ocasionada por una ruptura de fibra en nuestra red. Tiempo estimado de solución 17 Horas, durante este lapso su servicio puede presentar intermitencia o ausencia del mismo.”
{% endif %} 
{% if Datos.RAZON == '3' %}
“Nuestro equipo técnico se encuentra trabajando para atender una falla ocasionada por fallas en fluido eléctrico. Tiempo estimado de solución 17 Horas, durante este lapso su servicio puede presentar intermitencia o ausencia del mismo.”
{% endif %} 
{% if Datos.RAZON == '4' %}
“Nuestro equipo técnico se encuentra trabajando para atender una falla en nuestra plataforma de {{Datos.AFECTACION|e}} . Tiempo estimado de solución 17 Horas, durante este lapso su servicio puede presentar intermitencia o ausencia del mismo.”
{% endif %} 
{% if Datos.RAZON == '5' %}
“Nuestro equipo técnico se encuentra trabajando para atender una falla ajena a claro. Tiempo estimado de solución 17 Horas, durante este lapso su servicio puede presentar intermitencia o ausencia del mismo.”
{% endif %} 
{% if Datos.RAZON == '6' %}
“Nuestro equipo técnico se encuentra trabajando para atender una falla en la red. Tiempo estimado de solución 17 Horas, durante este lapso su servicio puede presentar intermitencia o ausencia del mismo.”
{% endif %} 
________________________________________________________________________________________________________________ 
PROCESO DE SOPORTE: Validar 1 vecino por Diagnosticador y garantizar que el {{ ubicacion.NOMBRE|e|title }} 
corresponda al reportado… si ambos presentan la misma falla reportar las cuentas. 
________________________________________________________________________________________________________________ 
ESCENARIOS DE MARCACIÓN: --1.Primera vez que el cliente se comunica por este aviso, use la marcación DIS-FMS 
--2.Cliente se ha comunicado en más de una ocasión por este aviso, use la marcación  DIS-AVF.
<br /><br />
{% endif %} {% if Datos.AVERIA == 'Niveles_Desf_Ruido' %}
<br />
 AVISO: {{ Datos.AVISO|e }}. 
 SÍNTOMA:  Cable_Módem {{ Datos.AVERIA|e }} {{ Datos.INTERMITENCIA == 'SI' ? 'y/o Intermitencia' }} en {{ ubicacion.NOMBRE|e|title }}.  
 SERV.AFECTADOS: 3_Play 
________________________________________________________________________________________________________________ 
Recuerde: <br />{{ Datos.AVERIA|e }} generan Intermitencia, Pixelación, Ausencia de Señal, Lentitud y problemas de Calidad de Voz  
________________________________________________________________________________________________________________ 
GUIÓN: 
{% if Datos.RAZON == '1' %}
“Nuestro equipo técnico se encuentra trabajando para atender una falla ocasionada por el hurto de un dispositivo en nuestra red. Tiempo estimado de solución 98 Horas, durante este lapso su servicio puede presentar intermitencia o ausencia del mismo.”
{% endif %} 
{% if Datos.RAZON == '2' %}
“Nuestro equipo técnico se encuentra trabajando para atender una falla ocasionada por una ruptura de fibra en nuestra red. Tiempo estimado de solución 98 Horas, durante este lapso su servicio puede presentar intermitencia o ausencia del mismo.”
{% endif %} 
{% if Datos.RAZON == '3' %}
“Nuestro equipo técnico se encuentra trabajando para atender una falla ocasionada por fallas en fluido eléctrico. Tiempo estimado de solución 98 Horas, durante este lapso su servicio puede presentar intermitencia o ausencia del mismo.”
{% endif %} 
{% if Datos.RAZON == '4' %}
“Nuestro equipo técnico se encuentra trabajando para atender una falla en nuestra plataforma de {{Datos.AFECTACION|e}} . Tiempo estimado de solución 98 Horas, durante este lapso su servicio puede presentar intermitencia o ausencia del mismo.”
{% endif %} 
{% if Datos.RAZON == '5' %}
“Nuestro equipo técnico se encuentra trabajando para atender una falla ajena a claro. Tiempo estimado de solución 98 Horas, durante este lapso su servicio puede presentar intermitencia o ausencia del mismo.”
{% endif %} 
{% if Datos.RAZON == '6' %}
“Nuestro equipo técnico se encuentra trabajando para atender una falla en la red. Tiempo estimado de solución 98 Horas, durante este lapso su servicio puede presentar intermitencia o ausencia del mismo.”
{% endif %} 
________________________________________________________________________________________________________________ 
PROCESO DE SOPORTE: Reportar la cuenta a través de la Página de Gerencia, 
NO REQUIERE VALIDAR VECINOS.   
________________________________________________________________________________________________________________ 
ESCENARIOS DE MARCACIÓN: --1.Primera vez que el cliente se comunica por este aviso, use la marcación SOP-MRU 
--2.Cliente se ha comunicado en más de una ocasión por este aviso, use la marcación  DIS-AVF.
<br /><br />		
{% endif %} {% if Datos.AVERIA == 'Niveles_Desf_Potencia' %}
<br />
 AVISO: {{ Datos.AVISO|e }}. 
 SÍNTOMA:  Cable_Módem {{ Datos.AVERIA|e }} {{ Datos.INTERMITENCIA == 'SI' ? 'y/o Intermitencia' }} en {{ ubicacion.NOMBRE|e|title }}.  
 SERV.AFECTADOS: 3_Play 
________________________________________________________________________________________________________________ 
Recuerde: <br />{{ Datos.AVERIA|e }} generan Intermitencia, Pixelación, Ausencia de Señal, Lentitud y problemas de Calidad de Voz  
________________________________________________________________________________________________________________ 
GUIÓN: 
{% if Datos.RAZON == '1' %}
“Nuestro equipo técnico se encuentra trabajando para atender una falla ocasionada por el hurto de un dispositivo en nuestra red. Tiempo estimado de solución 98 Horas, durante este lapso su servicio puede presentar intermitencia o ausencia del mismo.”
{% endif %} 
{% if Datos.RAZON == '2' %}
“Nuestro equipo técnico se encuentra trabajando para atender una falla ocasionada por una ruptura de fibra en nuestra red. Tiempo estimado de solución 98 Horas, durante este lapso su servicio puede presentar intermitencia o ausencia del mismo.”
{% endif %} 
{% if Datos.RAZON == '3' %}
“Nuestro equipo técnico se encuentra trabajando para atender una falla ocasionada por fallas en fluido eléctrico. Tiempo estimado de solución 98 Horas, durante este lapso su servicio puede presentar intermitencia o ausencia del mismo.”
{% endif %} 
{% if Datos.RAZON == '4' %}
“Nuestro equipo técnico se encuentra trabajando para atender una falla en nuestra plataforma de {{Datos.AFECTACION|e}} . Tiempo estimado de solución 98 Horas, durante este lapso su servicio puede presentar intermitencia o ausencia del mismo.”
{% endif %} 
{% if Datos.RAZON == '5' %}
“Nuestro equipo técnico se encuentra trabajando para atender una falla ajena a claro. Tiempo estimado de solución 98 Horas, durante este lapso su servicio puede presentar intermitencia o ausencia del mismo.”
{% endif %} 
{% if Datos.RAZON == '6' %}
“Nuestro equipo técnico se encuentra trabajando para atender una falla en la red. Tiempo estimado de solución 98 Horas, durante este lapso su servicio puede presentar intermitencia o ausencia del mismo.”
{% endif %} 
________________________________________________________________________________________________________________ 
PROCESO DE SOPORTE: Reportar la cuenta a través de la Página de Gerencia, 
NO REQUIERE VALIDAR VECINOS.  
________________________________________________________________________________________________________________ 
ESCENARIOS DE MARCACIÓN: --1.Primera vez que el cliente se comunica por este aviso, use la marcación SOP-MRU 
--2.Cliente se ha comunicado en más de una ocasión por este aviso, use la marcación  DIS-AVF.
<br /><br />
{% endif %} {% if Datos.AVERIA == 'Niveles_Desfasados' %}
<br />
 AVISO: {{ Datos.AVISO|e }}. 
 SÍNTOMA:  Cable_Módem {{ Datos.AVERIA|e }} {{ Datos.INTERMITENCIA == 'SI' ? 'y/o Intermitencia' }} en {{ ubicacion.NOMBRE|e|title }}.  
 SERV.AFECTADOS: 3_Play 
________________________________________________________________________________________________________________ 
Recuerde: <br />{{ Datos.AVERIA|e }} generan Intermitencia, Pixelación, Ausencia de Señal, Lentitud y problemas de Calidad de Voz  
________________________________________________________________________________________________________________ 
GUIÓN: 
{% if Datos.RAZON == '1' %}
“Nuestro equipo técnico se encuentra trabajando para atender una falla ocasionada por el hurto de un dispositivo en nuestra red. Tiempo estimado de solución 98 Horas, durante este lapso su servicio puede presentar intermitencia o ausencia del mismo.”
{% endif %} 
{% if Datos.RAZON == '2' %}
“Nuestro equipo técnico se encuentra trabajando para atender una falla ocasionada por una ruptura de fibra en nuestra red. Tiempo estimado de solución 98 Horas, durante este lapso su servicio puede presentar intermitencia o ausencia del mismo.”
{% endif %} 
{% if Datos.RAZON == '3' %}
“Nuestro equipo técnico se encuentra trabajando para atender una falla ocasionada por fallas en fluido eléctrico. Tiempo estimado de solución 98 Horas, durante este lapso su servicio puede presentar intermitencia o ausencia del mismo.”
{% endif %} 
{% if Datos.RAZON == '4' %}
“Nuestro equipo técnico se encuentra trabajando para atender una falla en nuestra plataforma de {{Datos.AFECTACION|e}} . Tiempo estimado de solución 98 Horas, durante este lapso su servicio puede presentar intermitencia o ausencia del mismo.”
{% endif %} 
{% if Datos.RAZON == '5' %}
“Nuestro equipo técnico se encuentra trabajando para atender una falla ajena a claro. Tiempo estimado de solución 98 Horas, durante este lapso su servicio puede presentar intermitencia o ausencia del mismo.”
{% endif %} 
{% if Datos.RAZON == '6' %}
“Nuestro equipo técnico se encuentra trabajando para atender una falla en la red. Tiempo estimado de solución 98 Horas, durante este lapso su servicio puede presentar intermitencia o ausencia del mismo.”
{% endif %} 
________________________________________________________________________________________________________________ 
PROCESO DE SOPORTE: Reportar la cuenta a través de la Página de Gerencia, 
NO REQUIERE VALIDAR VECINOS. 
________________________________________________________________________________________________________________ 
ESCENARIOS DE MARCACIÓN: --1.Primera vez que el cliente se comunica por este aviso, use la marcación SOP-MRU 
--2.Cliente se ha comunicado en más de una ocasión por este aviso, use la marcación  DIS-AVF.
<br /><br />
{% endif %} ","1"
